<?xml version="1.0" encoding="UTF-8"?>
<project-private xmlns="http://www.netbeans.org/ns/project-private/1">
    <editor-bookmarks xmlns="http://www.netbeans.org/ns/editor-bookmarks/2" lastBookmarkId="0"/>
    <open-files xmlns="http://www.netbeans.org/ns/projectui-open-files/2">
        <group>
            <file>file:/C:/Users/PC/Documents/UITM/PENERAPAN/SEM%204/LECTURE/CSC584/lab/Profile%20Management%20System/web/profile_form.html</file>
            <file>file:/C:/Users/PC/Documents/UITM/PENERAPAN/SEM%204/LECTURE/CSC584/lab/Profile%20Management%20System/src/java/controller/ProfileServlet.java</file>
            <file>file:/C:/Users/PC/Documents/UITM/PENERAPAN/SEM%204/LECTURE/CSC584/lab/Profile%20Management%20System/web/WEB-INF/web.xml</file>
            <file>file:/C:/Users/PC/Documents/UITM/PENERAPAN/SEM%204/LECTURE/CSC584/lab/Profile%20Management%20System/web/searchResults.jsp</file>
            <file>file:/C:/Users/PC/Documents/UITM/PENERAPAN/SEM%204/LECTURE/CSC584/lab/Profile%20Management%20System/src/java/model/ProfileBean.java</file>
            <file>file:/C:/Users/PC/Documents/UITM/PENERAPAN/SEM%204/LECTURE/CSC584/lab/Profile%20Management%20System/web/viewProfiles.jsp</file>
            <file>file:/C:/Users/PC/Documents/UITM/PENERAPAN/SEM%204/LECTURE/CSC584/lab/Profile%20Management%20System/web/search.jsp</file>
            <file>file:/C:/Users/PC/Documents/UITM/PENERAPAN/SEM%204/LECTURE/CSC584/lab/Profile%20Management%20System/web/profile.jsp</file>
        </group>
    </open-files>
</project-private>
